postcode_area,companies,scored_companies,high_review,average_score,high_review_rate,benchmark_status,wilson_lower,wilson_upper
LU,204,184,3,2.777173913043478,0.0163043478260869,Benchmarkable,0.005560179056259714,0.0468321888612413
CF,427,266,4,2.35296992481203,0.0150375939849624,Benchmarkable,0.005862958591737088,0.03802006395211302
SP,87,74,1,1.2297297297297298,0.0135135135135135,Small or unknown geography,0.002389463403456908,0.07265356519842972
S,420,372,5,2.020322580645161,0.0134408602150537,Benchmarkable,0.0057544308454154855,0.031073488203550804
ML,102,85,1,1.537294117647059,0.0117647058823529,Small or unknown geography,0.0020797871346641718,0.06367170882493682
TR,99,89,1,2.1497752808988766,0.0112359550561797,Small or unknown geography,0.001986183228256451,0.06093246211504443
CH,200,182,2,1.7735714285714286,0.0109890109890109,Benchmarkable,0.0030187743757708087,0.039175571656885
EN,216,199,2,1.4629145728643216,0.0100502512562814,Benchmarkable,0.002760482210699397,0.03589758535735897
BT,575,522,5,1.8590996168582377,0.0095785440613026,Benchmarkable,0.004098125402450059,0.022224368932127876
SM,143,126,1,2.262857142857143,0.0079365079365079,Benchmarkable,0.0014023650608123682,0.04358679998515916
W,823,762,6,1.6719028871391075,0.0078740157480314,Benchmarkable,0.0036135841892998358,0.017071452691685824
PO,279,262,2,1.323206106870229,0.0076335877862595,Benchmarkable,0.0020959073646118816,0.027400841771055708
FY,148,133,1,1.112781954887218,0.0075187969924812,Benchmarkable,0.0013284876076292557,0.041359297739266915
BB,152,141,1,2.0362411347517733,0.0070921985815602,Benchmarkable,0.0012530461940499123,0.03907697304391794
DY,173,149,1,1.3310738255033558,0.0067114093959731,Benchmarkable,0.0011857126133513682,0.03703336005034799
WS,180,161,1,1.7514906832298138,0.0062111801242236,Benchmarkable,0.0010972685327610351,0.03433956187680209
TS,210,175,1,1.8570857142857145,0.0057142857142857,Benchmarkable,0.0010094249363413448,0.03165335280665699
BL,213,183,1,1.505792349726776,0.0054644808743169,Benchmarkable,0.0009652672143727233,0.03029898675561894
WC,599,552,3,0.9585144927536232,0.0054347826086956,Benchmarkable,0.0018500021067366932,0.015855512054754845
PR,234,188,1,1.494095744680851,0.0053191489361702,Benchmarkable,0.0009395783080078587,0.029509829534296334
ME,240,215,1,1.2470697674418605,0.0046511627906976,Benchmarkable,0.0008215168205939188,0.025871134801145036
GL,238,216,1,1.3605555555555555,0.0046296296296296,Benchmarkable,0.0008177113226299788,0.02575352256578002
NR,270,219,1,0.9010502283105024,0.0045662100456621,Benchmarkable,0.000806503467090448,0.02540701555943036
EC,778,720,3,1.487013888888889,0.0041666666666666,Benchmarkable,0.001418032969342801,0.012178119476426108
SO,285,246,1,1.3134552845528455,0.0040650406504065,Benchmarkable,0.0007179402640030644,0.02266272220997892
NN,304,262,1,0.3964885496183206,0.0038167938931297,Benchmarkable,0.000674075877462715,0.021299392243752685
L,316,270,1,1.937074074074074,0.0037037037037037,Benchmarkable,0.0006540941063273246,0.020677441468491486
TN,300,284,1,0.7856338028169014,0.0035211267605633,Benchmarkable,0.000621835983910116,0.019672178799876656
BH,323,285,1,0.9613684210526316,0.0035087719298245,Benchmarkable,0.000619653156114279,0.01960410157959406
M,677,573,2,1.3121989528795812,0.0034904013961605,Benchmarkable,0.0009577164012021409,0.012636068686168567
IP,315,288,1,1.599513888888889,0.0034722222222222,Benchmarkable,0.0006131956629725471,0.019402667896299478
RM,329,288,1,1.2303125,0.0034722222222222,Benchmarkable,0.0006131956629725471,0.019402667896299478
HP,320,296,1,0.5874324324324324,0.0033783783783783,Benchmarkable,0.000596615880593291,0.0188852090934078
GU,347,323,1,0.9725077399380804,0.0030959752321981,Benchmarkable,0.0005467248648761969,0.01732572877601443
BS,391,351,1,1.1658404558404558,0.0028490028490028,Benchmarkable,0.000503096116191086,0.015959069381910083
N,874,791,2,1.0839949431099871,0.0025284450063211,Benchmarkable,0.000693664887882155,0.00917177272067979
SE,532,468,1,1.2236324786324786,0.0021367521367521,Benchmarkable,0.0003772888525081638,0.012002841616090072
HA,592,540,1,1.1469074074074077,0.0018518518518518,Benchmarkable,0.00032697215372072194,0.010414133964523674
B,912,793,1,1.0886633039092055,0.0012610340479192,Benchmarkable,0.00022263816780337215,0.007108128518632762
AB,180,165,0,0.294969696969697,0.0,Benchmarkable,-1.734723475976807e-18,0.022751869401776863
AL,137,122,0,0.4371311475409836,0.0,Benchmarkable,0.0,0.030526178389011234
BA,173,168,0,0.3359523809523809,0.0,Benchmarkable,0.0,0.02235466834986685
BD,220,193,0,1.3546113989637305,0.0,Benchmarkable,0.0,0.019515496601725354
BN,434,395,0,0.6168354430379747,0.0,Benchmarkable,0.0,0.00963154340086021
BR,162,145,0,0.4199310344827586,0.0,Benchmarkable,0.0,0.025809064565281075
C,1,1,0,0.0,0.0,Small or unknown geography,0.0,0.7934506856227534
CA,101,89,0,0.6791011235955056,0.0,Small or unknown geography,3.469446951953614e-18,0.041376545236250326
CB,224,209,0,0.5682775119617225,0.0,Benchmarkable,0.0,0.018048451847579708
CM,332,297,0,0.4968013468013468,0.0,Benchmarkable,0.0,0.01276904731067496
CO,171,158,0,0.5823417721518986,0.0,Benchmarkable,-1.734723475976807e-18,0.0237359379276846
CR,294,269,0,0.7650185873605948,0.0,Benchmarkable,0.0,0.014079454190348855
CT,152,135,0,0.8016296296296296,0.0,Benchmarkable,-1.734723475976807e-18,0.027667952017523423
CV,388,355,0,0.9349014084507042,0.0,Benchmarkable,0.0,0.01070517000270422
CW,105,101,0,0.4224752475247525,0.0,Benchmarkable,0.0,0.03664064639985413
DA,242,211,0,0.7330331753554502,0.0,Benchmarkable,0.0,0.01788043537676769
DD,80,68,0,0.3202941176470588,0.0,Small or unknown geography,-3.469446951953614e-18,0.05347133652006775
DE,243,222,0,0.5651351351351351,0.0,Benchmarkable,0.0,0.017009537756058457
DG,22,22,0,0.0,0.0,Small or unknown geography,0.0,0.1486548746086139
DH,95,83,0,0.3533734939759036,0.0,Small or unknown geography,-3.469446951953614e-18,0.04423530964197152
DL,106,93,0,1.438494623655914,0.0,Small or unknown geography,0.0,0.03966750261173304
DN,261,227,0,0.776784140969163,0.0,Benchmarkable,-1.734723475976807e-18,0.016641113083927295
DT,73,67,0,1.2056716417910447,0.0,Small or unknown geography,3.469446951953614e-18,0.05422613939129897
E,825,706,0,1.431628895184136,0.0,Benchmarkable,-4.336808689942018e-19,0.005411713803073689
EH,290,268,0,0.4203731343283582,0.0,Benchmarkable,8.673617379884035e-19,0.014131247078201313
EX,190,179,0,0.2091620111731843,0.0,Benchmarkable,0.0,0.021009779978079783
FK,47,44,0,1.0304545454545455,0.0,Small or unknown geography,0.0,0.0802956037584766
G,368,308,0,0.5901298701298701,0.0,Benchmarkable,0.0,0.012318627661701385
HD,117,109,0,1.3272477064220185,0.0,Benchmarkable,0.0,0.03404297375132331
HG,65,60,0,0.2518333333333333,0.0,Small or unknown geography,-6.938893903907228e-18,0.06017185214208674
HR,96,91,0,0.8497802197802198,0.0,Small or unknown geography,0.0,0.04050400392887807
HS,7,6,0,0.0,0.0,Small or unknown geography,0.0,0.39033428790215224
HU,101,89,0,0.1548314606741573,0.0,Small or unknown geography,3.469446951953614e-18,0.041376545236250326
HX,72,65,0,0.2255384615384615,0.0,Small or unknown geography,0.0,0.05580153132285397
IG,319,273,0,0.8957875457875458,0.0,Benchmarkable,0.0,0.013876024339193969
IV,65,61,0,0.1677049180327869,0.0,Small or unknown geography,0.0,0.05924386789810976
KA,86,75,0,1.3214666666666666,0.0,Small or unknown geography,0.0,0.0487238424828033
KT,355,328,0,1.0403353658536585,0.0,Benchmarkable,0.0,0.011576187117624728
KW,11,10,0,0.0,0.0,Small or unknown geography,2.7755575615628914e-17,0.27753279986287815
KY,73,64,0,1.11625,0.0,Small or unknown geography,0.0,0.05662405979280239
LA,116,109,0,0.3312844036697248,0.0,Benchmarkable,0.0,0.03404297375132331
LD,16,15,0,0.622,0.0,Small or unknown geography,-1.3877787807814457e-17,0.20388330103583963
LE,552,488,0,1.0528483606557375,0.0,Benchmarkable,0.0,0.007810359927576498
LL,128,120,0,0.3185,0.0,Benchmarkable,-3.469446951953614e-18,0.031019166418701827
LN,108,102,0,0.8452941176470589,0.0,Benchmarkable,3.469446951953614e-18,0.03629446214646126
LS,384,348,0,0.1558045977011494,0.0,Benchmarkable,0.0,0.010918152833863744
MK,335,302,0,0.8425165562913908,0.0,Benchmarkable,0.0,0.012560294590230984
NE,352,300,0,0.8448333333333334,0.0,Benchmarkable,0.0,0.01264297122454535
NG,383,348,0,0.8971839080459771,0.0,Benchmarkable,0.0,0.010918152833863744
NP,112,98,0,0.6938775510204082,0.0,Small or unknown geography,0.0,0.037719990121678613
NW,464,413,0,0.7115980629539951,0.0,Benchmarkable,8.673617379884035e-19,0.009215635199919817
OL,177,143,0,1.2338461538461538,0.0,Benchmarkable,0.0,0.026160587422280147
OX,299,277,0,0.7528880866425993,0.0,Benchmarkable,0.0,0.013678389354708956
PA,78,68,0,0.6813235294117647,0.0,Small or unknown geography,-3.469446951953614e-18,0.05347133652006775
PE,310,276,0,0.2846014492753623,0.0,Benchmarkable,-8.673617379884035e-19,0.013727268421493244
PH,46,44,0,0.8586363636363636,0.0,Small or unknown geography,0.0,0.0802956037584766
PL,122,104,0,0.7521153846153846,0.0,Benchmarkable,0.0,0.035621354372450016
RG,336,305,0,0.376327868852459,0.0,Benchmarkable,0.0,0.012438287383314603
RH,238,221,0,0.6434841628959277,0.0,Benchmarkable,0.0,0.01708518900759042
SA,203,182,0,1.7209340659340655,0.0,Benchmarkable,0.0,0.02067062347159189
SG,176,167,0,0.6307185628742514,0.0,Benchmarkable,-1.734723475976807e-18,0.022485518721340962
SK,291,258,0,0.5348062015503876,0.0,Benchmarkable,0.0,0.014670934228656668
SL,290,261,0,0.9677011494252872,0.0,Benchmarkable,0.0,0.014504748757235562
SN,151,137,0,0.742919708029197,0.0,Benchmarkable,-1.734723475976807e-18,0.02727505702411459
SR,46,42,0,0.9523809523809524,0.0,Small or unknown geography,0.0,0.08379879086569969
SS,257,226,0,0.9306194690265488,0.0,Benchmarkable,0.0,0.016713515657289436
ST,172,156,0,1.4081410256410258,0.0,Benchmarkable,0.0,0.024032931437413647
SW,632,588,0,0.9421598639455784,0.0,Benchmarkable,0.0,0.006490688956377647
SY,106,100,0,0.3732999999999999,0.0,Benchmarkable,0.0,0.036993498206983715
TA,104,94,0,0.1419148936170212,0.0,Small or unknown geography,-3.469446951953614e-18,0.03926207629154266
TD,30,30,0,0.0,0.0,Small or unknown geography,-1.3877787807814457e-17,0.11351339317396321
TF,55,51,0,0.0,0.0,Small or unknown geography,6.938893903907228e-18,0.07004661989852784
TQ,100,93,0,0.6881720430107527,0.0,Small or unknown geography,0.0,0.03966750261173304
TW,306,286,0,1.606048951048951,0.0,Benchmarkable,0.0,0.013253655416737238
UB,248,218,0,0.9745412844036696,0.0,Benchmarkable,0.0,0.01731623494145348
Unknown,7,5,0,1.778,0.0,Small or unknown geography,5.551115123125783e-17,0.4344824647831612
WA,269,241,0,0.6385477178423237,0.0,Benchmarkable,-1.734723475976807e-18,0.015689576590487274
WD,238,214,0,0.7855140186915888,0.0,Benchmarkable,0.0,0.017634195260580916
WF,136,120,0,0.9361666666666668,0.0,Benchmarkable,-3.469446951953614e-18,0.031019166418701827
WN,89,81,0,1.064567901234568,0.0,Small or unknown geography,0.0,0.04527808543241282
WR,110,101,0,0.9526732673267326,0.0,Benchmarkable,0.0,0.03664064639985413
WV,147,131,0,1.214580152671756,0.0,Benchmarkable,0.0,0.028488707065993046
YO,165,152,0,0.7280263157894736,0.0,Benchmarkable,-1.734723475976807e-18,0.024649787352887725
ZE,6,6,0,0.0733333333333333,0.0,Small or unknown geography,0.0,0.39033428790215224
